Timestamp,Gender?,Age?,Favourite Food Category?,Religion?,What is your monthly allowance and/or salary? (PKR Rs),You are studying (or what you would like to study in the future OR what you studied)...,You are more...,Favourite music genre? ,Favourite movie genre?,What gift would you love to receive the most out of these options? 
8/9/2020 18:04,Male,21,Fast Food,Islam,50000 - 100000,Business,Introverted,Classical music,Horror,Cars
8/9/2020 18:05,Male,21,Fast Food,Islam,50000 - 100000,Business,Introverted,Classical music,Horror,Cars
8/9/2020 18:05,Male,25,Rice,Islam,15000 - 25000,Engineering and Technology,Introverted,Classical music,Thriller,Watch
8/9/2020 18:05,Female,22,Meat,Islam,15000 - 25000,Engineering and Technology,Extroverted,Other,Mystery,laptop
8/9/2020 18:08,Female,21,Rice,Islam,Less than 15000,Design and Arts (Performing Arts/Visual Arts/Architecture/Graphic Design etc.),Introverted,Other,Adventure,Watch
8/9/2020 18:13,Male,22,Meat,Islam,Less than 15000,Engineering and Technology,Introverted,Classical music,Thriller,Car
8/9/2020 18:13,Male,23,Rice,Islam,15000 - 25000,Business,Extroverted,Pop music,Comedy,Perfume/Cologne
8/9/2020 18:13,Female,21,Rice,Islam,Less than 15000,Design and Arts (Performing Arts/Visual Arts/Architecture/Graphic Design etc.),Extroverted,Other,Horror,Perfume/Cologne
8/9/2020 18:14,Male,27,Fruits,Islam,25000 - 50000,Mathematics/Statistics,Introverted,Other,Comedy,Shirts
8/9/2020 18:14,Male,27,Fruits,Islam,25000 - 50000,Mathematics/Statistics,Introverted,Other,Comedy,Shirts
8/9/2020 18:14,Male,27,Fruits,Islam,25000 - 50000,Mathematics/Statistics,Introverted,Other,Comedy,Shirts
8/9/2020 18:14,Female,22,Rice,Islam,Less than 15000,Design and Arts (Performing Arts/Visual Arts/Architecture/Graphic Design etc.),Introverted,Other,Science fiction,Photo Pendants
8/9/2020 18:16,Female,21,Fruits,Islam,25000 - 50000,Engineering and Technology,Introverted,Other,Drama,Jewellery
8/9/2020 18:19,Female,24,Fast Food,Islam,Less than 15000,Medicine and health,Introverted,Pop music,Romance,Return Tickets (Tours)
8/9/2020 18:19,Male,29,Vegetables,Islam,50000 - 100000,Mathematics/Statistics,Introverted,Classical music,Science fiction,Return Tickets (Tours)
8/9/2020 18:19,Male,25,Fruits,Islam,15000 - 25000,Business,Introverted,Rock,Action,Cars
8/9/2020 18:19,Female,21,Rice,Islam,15000 - 25000,"Social Sciences (Economics, History, Geography, Psychology, Sociology etc.)",Introverted,Pop music,Romance,Flowers
8/9/2020 18:20,Male,23,Fast Food,Islam,50000 - 100000,Engineering and Technology,Introverted,Classical music,Science fiction,Watch
8/9/2020 18:20,Male,25,Fruits,Islam,15000 - 25000,Business,Introverted,Rock,Action,Cars
8/9/2020 18:20,Female,21,Fast Food,Islam,15000 - 25000,Engineering and Technology,Introverted,Country music,Horror,laptop
8/9/2020 18:20,Male,22,Fast Food,Islam,25000 - 50000,Engineering and Technology,Introverted,Hip hop music,Action,Xbox One S Bundle
8/9/2020 18:21,Male,22,Fast Food,Islam,50000 - 100000,Engineering and Technology,Introverted,Other,Adventure,Cars
8/9/2020 18:22,Male,27,Fast Food,Islam,25000 - 50000,Engineering and Technology,Introverted,Classical music,Drama,Tablets
8/9/2020 18:23,Male,16,Fast Food,Islam,25000 - 50000,Engineering and Technology,Extroverted,Rock,Action,Video game Set
8/9/2020 18:23,Female,26,Rice,Islam,Less than 15000,Medicine and health,Introverted,Classical music,Mystery,Free Shopping Voucher
8/9/2020 18:24,Female,19,Rice,Islam,Less than 15000,Design and Arts (Performing Arts/Visual Arts/Architecture/Graphic Design etc.),Introverted,Pop music,Drama,Return Tickets (Tours)
8/9/2020 18:24,Female,21,Fruits,Islam,Less than 15000,Design and Arts (Performing Arts/Visual Arts/Architecture/Graphic Design etc.),Introverted,Rock,Adventure,Cars
8/9/2020 18:25,Male,22,Fast Food,Islam,50000 - 100000,Engineering and Technology,Extroverted,Hip hop music,Action,IT gadget
8/9/2020 18:27,Female,25,Rice,Islam,25000 - 50000,Business,Introverted,Classical music,Fantasy,Guitar
8/9/2020 18:28,Female,27,Meat,Islam,Less than 15000,"Natural Sciences (Biology, Chemistry, Physics etc.)",Extroverted,Classical music,Romance,Return Tickets (Tours)
8/9/2020 18:28,Female,19,Fast Food,Islam,50000 - 100000,Engineering and Technology,Introverted,Other,Horror,Diamond Ring
8/9/2020 18:28,Female,21,Appetizer,Islam,Less than 15000,Languages and literature,Introverted,Other,Mystery,Diamond Ring
8/9/2020 18:29,Female,20,Rice,Islam,Less than 15000,Mathematics/Statistics,Introverted,Country music,Horror,Guitar
8/9/2020 18:30,Male,28,Fast Food,Islam,25000 - 50000,Languages and literature,Extroverted,Classical music,Action,External Battery Power Bank
8/9/2020 18:30,Female,24,Fast Food,Islam,Less than 15000,Languages and literature,Extroverted,Rock,Comedy,Makeup
8/9/2020 18:31,Female,22,Fast Food,Islam,15000 - 25000,Engineering and Technology,Introverted,Classical music,Thriller,Jewellery
8/9/2020 18:31,Female,25,Fast Food,Islam,Less than 15000,Engineering and Technology,Introverted,Classical music,Comedy,Perfume/Cologne
8/9/2020 18:32,Female,18,Fast Food,Islam,Less than 15000,"Social Sciences (Economics, History, Geography, Psychology, Sociology etc.)",Extroverted,Rock,Fantasy,Watch
8/9/2020 18:32,Female,21,Fruits,Islam,Less than 15000,Design and Arts (Performing Arts/Visual Arts/Architecture/Graphic Design etc.),Introverted,Classical music,Science fiction,Bike
8/9/2020 18:32,Male,26,Meat,Islam,15000 - 25000,Mathematics/Statistics,Introverted,Country music,Action,Return Tickets (Tours)
8/9/2020 18:33,Female,24,Meat,Islam,15000 - 25000,Engineering and Technology,Extroverted,Other,Fantasy,Cars
8/9/2020 18:33,Female,18,Fruits,Islam,50000 - 100000,Design and Arts (Performing Arts/Visual Arts/Architecture/Graphic Design etc.),Extroverted,Classical music,Fantasy,laptop
8/9/2020 18:35,Female,23,Fast Food,Islam,Less than 15000,"Natural Sciences (Biology, Chemistry, Physics etc.)",Extroverted,Country music,Horror,Return Tickets (Tours)
8/9/2020 18:35,Male,22,Fast Food,Islam,50000 - 100000,Engineering and Technology,Introverted,Other,Action,IT gadget
8/9/2020 18:36,Female,21,Fast Food,Islam,Less than 15000,Engineering and Technology,Extroverted,Rock,Fantasy,A good novel
8/9/2020 18:36,Female,22,Fast Food,Islam,Less than 15000,Mathematics/Statistics,Introverted,Classical music,Comedy,Watch
8/9/2020 18:37,Male,25,Rice,Islam,15000 - 25000,Design and Arts (Performing Arts/Visual Arts/Architecture/Graphic Design etc.),Extroverted,Country music,Comedy,laptop
8/9/2020 18:37,Female,22,Fast Food,Islam,Less than 15000,Mathematics/Statistics,Introverted,Classical music,Comedy,Watch
8/9/2020 18:37,Female,22,Rice,Islam,Less than 15000,Engineering and Technology,Introverted,Country music,Horror,Watch
8/9/2020 18:37,Female,23,Rice,Islam,25000 - 50000,Philosophy/Theology,Extroverted,Other,Science fiction,Return Tickets (Tours)
8/9/2020 18:37,Male,24,Rice,Islam,50000 - 100000,Engineering and Technology,Introverted,Country music,Historical,Watch
8/9/2020 18:40,Female,24,Fast Food,Islam,Less than 15000,Engineering and Technology,Introverted,Pop music,Comedy,Guitar
8/9/2020 18:40,Male,35,Rice,Islam,50000 - 100000,Engineering and Technology,Extroverted,Rock,Comedy,Watch
8/9/2020 18:41,Female,24,Rice,Islam,Less than 15000,Engineering and Technology,Extroverted,Classical music,Science fiction,Smart Phone
8/9/2020 18:42,Female,24,Fast Food,Islam,Less than 15000,Engineering and Technology,Introverted,Pop music,Historical,Makeup
8/9/2020 18:42,Female,22,Meat,Islam,Less than 15000,Engineering and Technology,Extroverted,Pop music,Comedy,Diamond Ring
8/9/2020 18:43,Female,25,Rice,Islam,Less than 15000,Law,Introverted,Hip hop music,Comedy,Watch
8/9/2020 18:44,Male,17,Rice,Islam,Less than 15000,Languages and literature,Introverted,Other,Comedy,laptop
8/9/2020 18:46,Female,25,Rice,Islam,15000 - 25000,Design and Arts (Performing Arts/Visual Arts/Architecture/Graphic Design etc.),Extroverted,Hip hop music,Science fiction,Cars
8/9/2020 18:46,Female,19,Fast Food,Islam,Less than 15000,Engineering and Technology,Introverted,Pop music,Comedy,laptop
8/9/2020 18:46,Female,19,Fast Food,Islam,Less than 15000,Engineering and Technology,Introverted,Pop music,Comedy,laptop
8/9/2020 18:46,Female,23,Fruits,Islam,15000 - 25000,Engineering and Technology,Introverted,Other,Mystery,Perfume/Cologne
8/9/2020 18:47,Male,22,Meat,Islam,Less than 15000,Engineering and Technology,Introverted,Hip hop music,Thriller,IT gadget
8/9/2020 18:47,Male,24,Rice,Islam,25000 - 50000,Engineering and Technology,Extroverted,Hip hop music,Science fiction,IT gadget
8/9/2020 18:47,Female,19,Fast Food,Islam,Less than 15000,Engineering and Technology,Introverted,Pop music,Comedy,laptop
8/9/2020 18:48,Male,23,Meat,Islam,Less than 15000,Medicine and health,Extroverted,Other,Action,Watch
8/9/2020 18:49,Male,37,Meat,Islam,25000 - 50000,Languages and literature,Introverted,Other,Action,Watch
8/9/2020 18:49,Female,24,Fast Food,Islam,Less than 15000,Engineering and Technology,Extroverted,Other,Comedy,Perfume/Cologne
8/9/2020 18:51,Female,22,Fruits,Islam,Less than 15000,Engineering and Technology,Extroverted,Classical music,Romance,Diamond Ring
8/9/2020 18:52,Female,21,Fruits,Islam,Less than 15000,Engineering and Technology,Extroverted,Other,Historical,Makeup
8/9/2020 18:52,Male,25,Fruits,Islam,50000 - 100000,Engineering and Technology,Introverted,Pop music,Action,laptop
8/9/2020 18:54,Female,29,Vegetables,Islam,50000 - 100000,Engineering and Technology,Extroverted,Other,Action,Cookbook
8/9/2020 18:55,Female,25,Fast Food,Islam,15000 - 25000,Design and Arts (Performing Arts/Visual Arts/Architecture/Graphic Design etc.),Introverted,Pop music,Romance,Movie Tickets
8/9/2020 18:55,Female,26,Vegetables,Islam,15000 - 25000,Medicine and health,Introverted,Pop music,Comedy,Diamond Ring
8/9/2020 18:55,Female,21,Rice,Islam,15000 - 25000,Engineering and Technology,Introverted,Pop music,Romance,Watch
8/9/2020 18:56,Male,46,Rice,Islam,50000 - 100000,Design and Arts (Performing Arts/Visual Arts/Architecture/Graphic Design etc.),Introverted,Country music,Comedy,Wallet/Purse
8/9/2020 18:56,Female,26,Fruits,Islam,15000 - 25000,"Natural Sciences (Biology, Chemistry, Physics etc.)",Extroverted,Classical music,Romance,Return Tickets (Tours)
8/9/2020 18:57,Male,27,Meat,Islam,50000 - 100000,Mathematics/Statistics,Introverted,Classical music,Action,Car
8/9/2020 18:58,Male,26,Fruits,Islam,25000 - 50000,Engineering and Technology,Extroverted,Other,Historical,Smart Phone
8/9/2020 18:59,Female,41,Fast Food,Islam,Less than 15000,Design and Arts (Performing Arts/Visual Arts/Architecture/Graphic Design etc.),Introverted,Classical music,Drama,Gucci Bags/ Perfume
8/9/2020 19:00,Male,13,Fast Food,Islam,Less than 15000,Design and Arts (Performing Arts/Visual Arts/Architecture/Graphic Design etc.),Introverted,Other,Action,Xbox One S Bundle
8/9/2020 19:01,Male,24,Appetizer,Islam,15000 - 25000,Engineering and Technology,Extroverted,Rock,Romance,IT gadget
8/9/2020 19:02,Female,46,Meat,Islam,Less than 15000,Design and Arts (Performing Arts/Visual Arts/Architecture/Graphic Design etc.),Introverted,Classical music,Drama,Smart Phone
8/9/2020 19:02,Female,16,Fruits,Islam,Less than 15000,Design and Arts (Performing Arts/Visual Arts/Architecture/Graphic Design etc.),Introverted,Rock,Action,Watch
8/9/2020 19:03,Female,75,Fruits,Islam,Less than 15000,Design and Arts (Performing Arts/Visual Arts/Architecture/Graphic Design etc.),Introverted,Classical music,Drama,Gold Necklace
8/9/2020 19:05,Male,25,Meat,Islam,50000 - 100000,Design and Arts (Performing Arts/Visual Arts/Architecture/Graphic Design etc.),Introverted,Rock,Action,IT gadget
8/9/2020 19:10,Male,23,Rice,Islam,Less than 15000,Engineering and Technology,Introverted,Other,Historical,IT gadget
8/9/2020 19:11,Female,23,Fast Food,Islam,15000 - 25000,Engineering and Technology,Extroverted,Pop music,Horror,Gold Necklace
8/9/2020 19:11,Female,25,Fast Food,Islam,Less than 15000,Mathematics/Statistics,Introverted,Hip hop music,Horror,A good novel
8/9/2020 19:13,Female,24,Rice,Islam,25000 - 50000,Engineering and Technology,Extroverted,Rock,Comedy,Flowers
8/9/2020 19:15,Male,29,Rice,Islam,25000 - 50000,Engineering and Technology,Introverted,Country music,Horror,Flowers
8/9/2020 19:15,Female,85,Fruits,Islam,Less than 15000,Design and Arts (Performing Arts/Visual Arts/Architecture/Graphic Design etc.),Extroverted,Classical music,Drama,Personal Charging Hub
8/9/2020 19:15,Male,30,Meat,Islam,50000 - 100000,Mathematics/Statistics,Introverted,Other,Political,Cars
8/9/2020 19:18,Male,89,Fruits,Islam,25000 - 50000,"Social Sciences (Economics, History, Geography, Psychology, Sociology etc.)",Extroverted,Country music,Political,Signature Mug
8/9/2020 19:18,Male,23,Rice,Islam,Less than 15000,Engineering and Technology,Introverted,Classical music,Historical,IT gadget
8/9/2020 19:20,Male,53,Meat,Islam,50000 - 100000,Mathematics/Statistics,Extroverted,Country music,Political,Cars
8/9/2020 19:21,Female,22,Fruits,Hinduism,Less than 15000,"Social Sciences (Economics, History, Geography, Psychology, Sociology etc.)",Introverted,Classical music,Mystery,Watch
8/9/2020 19:22,Male,25,Fast Food,Islam,25000 - 50000,"Social Sciences (Economics, History, Geography, Psychology, Sociology etc.)",Extroverted,Classical music,Science fiction,Bike
8/9/2020 19:24,Female,23,Meat,Islam,15000 - 25000,Engineering and Technology,Introverted,Classical music,Science fiction,Makeup
8/9/2020 19:25,Female,32,Fruits,Christianity,15000 - 25000,Engineering and Technology,Introverted,Pop music,Comedy,Watch
8/9/2020 19:26,Male,20,Meat,Islam,25000 - 50000,Engineering and Technology,Extroverted,Other,Comedy,Watch
8/9/2020 19:27,Male,21,Meat,Islam,50000 - 100000,Engineering and Technology,Extroverted,Other,Comedy,IT gadget
8/9/2020 19:27,Female,23,Rice,Islam,25000 - 50000,Business,Introverted,Other,Fantasy,laptop
8/9/2020 19:31,Female,20,Fast Food,Islam,Less than 15000,Engineering and Technology,Introverted,Other,Mystery,laptop
8/9/2020 19:32,Male,25,Appetizer,Islam,Less than 15000,Medicine and health,Introverted,Rock,Adventure,Smart Phone
8/9/2020 19:33,Female,20,Rice,Islam,Less than 15000,Philosophy/Theology,Extroverted,Other,Drama,Makeup
8/9/2020 19:33,Female,20,Grains,Hinduism,Less than 15000,Engineering and Technology,Introverted,Country music,Thriller,Watch
8/9/2020 19:33,Male,26,Fast Food,Islam,25000 - 50000,Engineering and Technology,Extroverted,Classical music,Science fiction,IT gadget
8/9/2020 19:35,Male,25,Vegetables,Islam,15000 - 25000,Engineering and Technology,Introverted,Country music,Romance,Perfume/Cologne
8/9/2020 19:38,Male,39,Rice,Islam,50000 - 100000,Engineering and Technology,Extroverted,Classical music,Mystery,Video game Set
8/9/2020 19:38,Male,26,Rice,Islam,Less than 15000,Business,Introverted,Classical music,Action,Cars
8/9/2020 19:38,Male,26,Rice,Islam,Less than 15000,Business,Introverted,Classical music,Action,Cars
8/9/2020 19:38,Male,26,Rice,Islam,Less than 15000,Business,Introverted,Classical music,Action,Cars
8/9/2020 19:38,Female,16,Fast Food,Islam,Less than 15000,Medicine and health,Extroverted,Rock,Comedy,Jewellery
8/9/2020 19:41,Male,20,Meat,Islam,Less than 15000,Engineering and Technology,Extroverted,Classical music,Historical,laptop
8/9/2020 19:42,Male,33,Rice,Islam,25000 - 50000,Business,Extroverted,Classical music,Adventure,IT gadget
8/9/2020 19:46,Male,20,Rice,Islam,Less than 15000,Engineering and Technology,Introverted,Classical music,Historical,Watch
8/9/2020 19:52,Male,24,Vegetables,Islam,50000 - 100000,Design and Arts (Performing Arts/Visual Arts/Architecture/Graphic Design etc.),Introverted,Country music,Historical,Bike
8/9/2020 19:52,Male,23,Rice,Islam,Less than 15000,Engineering and Technology,Introverted,Classical music,Drama,Watch
8/9/2020 19:52,Male,24,Vegetables,Islam,50000 - 100000,Design and Arts (Performing Arts/Visual Arts/Architecture/Graphic Design etc.),Introverted,Country music,Historical,Bike
8/9/2020 19:53,Male,22,Rice,Islam,Less than 15000,Engineering and Technology,Introverted,Classical music,Comedy,Watch
8/9/2020 19:53,Male,25,Appetizer,Islam,25000 - 50000,Engineering and Technology,Introverted,Pop music,Adventure,Return Tickets (Tours)
8/9/2020 19:54,Male,21,Fast Food,Islam,Less than 15000,Engineering and Technology,Introverted,Country music,Comedy,laptop
8/9/2020 19:55,Female,55,Appetizer,Islam,25000 - 50000,"Natural Sciences (Biology, Chemistry, Physics etc.)",Extroverted,Classical music,Adventure,DSLR Lens
8/9/2020 19:56,Male,47,Meat,Christianity,50000 - 100000,Law,Extroverted,Hip hop music,Mystery,IT gadget
8/9/2020 19:57,Male,29,Meat,Islam,25000 - 50000,Engineering and Technology,Introverted,Country music,Romance,Cars
8/9/2020 19:57,Male,23,Rice,Islam,Less than 15000,Engineering and Technology,Extroverted,Other,Crime,Cars
8/9/2020 19:57,Male,65,Vegetables,Christianity,25000 - 50000,Philosophy/Theology,Extroverted,Country music,Horror,Bluetooth Hat Hands-free
8/9/2020 19:59,Female,19,Rice,Islam,25000 - 50000,Engineering and Technology,Introverted,Classical music,Comedy,Return Tickets (Tours)
8/9/2020 20:00,Female,23,Fruits,Islam,Less than 15000,Engineering and Technology,Introverted,Classical music,Fantasy,laptop
8/9/2020 20:00,Male,49,Meat,Islam,50000 - 100000,Languages and literature,Introverted,Other,Comedy,Car
8/9/2020 20:01,Female,21,Rice,Islam,Less than 15000,Engineering and Technology,Extroverted,Other,Mystery,Guitar
8/9/2020 20:08,Male,20,Fast Food,Christianity,Less than 15000,Engineering and Technology,Introverted,Hip hop music,Science fiction,IT gadget
8/9/2020 20:09,Male,26,Rice,Islam,25000 - 50000,Engineering and Technology,Extroverted,Hip hop music,Comedy,IT gadget
8/9/2020 20:09,Male,27,Vegetables,Islam,50000 - 100000,Engineering and Technology,Introverted,Other,Adventure,Sunglass Travel Case
8/9/2020 20:09,Male,18,Meat,Christianity,Less than 15000,Engineering and Technology,Introverted,Hip hop music,Comedy,Watch
8/9/2020 20:13,Female,22,Fruits,Islam,15000 - 25000,Engineering and Technology,Introverted,Country music,Comedy,Cars
8/9/2020 20:16,Female,25,Fast Food,Islam,50000 - 100000,Business,Introverted,Rock,Comedy,Guitar
8/9/2020 20:16,Female,22,Fruits,Islam,50000 - 100000,Engineering and Technology,Introverted,Country music,Action,Cars
8/9/2020 20:21,Female,21,Fast Food,Islam,Less than 15000,Medicine and health,Extroverted,Rock,Action,Free Shopping Voucher
8/9/2020 20:22,Female,24,Meat,Islam,15000 - 25000,"Social Sciences (Economics, History, Geography, Psychology, Sociology etc.)",Introverted,Hip hop music,Historical,Jewellery
8/9/2020 20:29,Male,25,Meat,Islam,50000 - 100000,Business,Extroverted,Other,Action,Wooden Cufflinks
8/9/2020 20:32,Female,22,Fast Food,Islam,50000 - 100000,Design and Arts (Performing Arts/Visual Arts/Architecture/Graphic Design etc.),Extroverted,Rock,Comedy,Cars
8/9/2020 20:34,Male,21,Meat,Islam,Less than 15000,Engineering and Technology,Introverted,Other,Romance,Cars
8/9/2020 20:40,Female,22,Fast Food,Islam,Less than 15000,Medicine and health,Introverted,Other,Adventure,Cars
8/9/2020 20:42,Female,25,Rice,Islam,25000 - 50000,Medicine and health,Extroverted,Other,Romance,Diamond Ring
8/9/2020 20:42,Male,20,Fast Food,Islam,Less than 15000,"Social Sciences (Economics, History, Geography, Psychology, Sociology etc.)",Introverted,Classical music,Comedy,Watch
8/9/2020 20:43,Male,23,Rice,Islam,50000 - 100000,Engineering and Technology,Introverted,Rock,Comedy,Perfume/Cologne
8/9/2020 20:44,Female,22,Vegetables,Islam,Less than 15000,"Natural Sciences (Biology, Chemistry, Physics etc.)",Introverted,Other,Satire,Backpack
8/9/2020 20:47,Male,23,Rice,Islam,Less than 15000,Mathematics/Statistics,Extroverted,Country music,Comedy,laptop
8/9/2020 20:49,Female,100 years old,Fruits,Islam,50000 - 100000,Philosophy/Theology,Introverted,Other,Horror,Backpack
8/9/2020 20:51,Male,23,Rice,Islam,Less than 15000,Engineering and Technology,Extroverted,Classical music,Mystery,laptop
8/9/2020 20:54,Male,22,Appetizer,Islam,15000 - 25000,Engineering and Technology,Introverted,Classical music,Action,Watch
8/9/2020 20:55,Male,Sixty ,Meat,Islam,50000 - 100000,Business,Introverted,Classical music,Historical,Car
8/9/2020 20:57,Male,Waheed Ahmad,Rice,Islam,25000 - 50000,"Natural Sciences (Biology, Chemistry, Physics etc.)",Introverted,Classical music,Romance,Watch
8/9/2020 20:58,Male,22,Meat,Islam,50000 - 100000,Engineering and Technology,Introverted,Other,Science fiction,Car
8/9/2020 20:58,Female,81,Grains,Islam,15000 - 25000,Medicine and health,Introverted,Classical music,Horror,External Battery Power Bank
8/9/2020 21:03,Male,15,Fast Food,Islam,Less than 15000,"Natural Sciences (Biology, Chemistry, Physics etc.)",Introverted,Pop music,Historical,Car
8/9/2020 21:03,Male,33,Fast Food,Islam,25000 - 50000,"Natural Sciences (Biology, Chemistry, Physics etc.)",Extroverted,Hip hop music,Political,Guitar
8/9/2020 21:06,Female,35,Rice,Islam,15000 - 25000,Philosophy/Theology,Introverted,Hip hop music,Mystery,Photo album/frame OR Scrapbook
8/9/2020 21:07,Male,89,Grains,Islam,50000 - 100000,Law,Introverted,Classical music,Political,Smart Phone
8/9/2020 21:11,Female,18,Meat,Islam,Less than 15000,Business,Extroverted,Classical music,Historical,Game
8/9/2020 21:11,Male,34,Meat,Islam,50000 - 100000,Engineering and Technology,Introverted,Other,Historical,Cars
8/9/2020 21:12,Female,22,Fast Food,Islam,50000 - 100000,Design and Arts (Performing Arts/Visual Arts/Architecture/Graphic Design etc.),Introverted,Pop music,Adventure,Art Set
8/9/2020 21:13,Male,26,Fruits,Islam,15000 - 25000,Engineering and Technology,Introverted,Other,Horror,IT gadget
8/9/2020 21:15,Male,38,Fruits,Islam,25000 - 50000,Engineering and Technology,Extroverted,Classical music,Adventure,IT gadget
8/9/2020 21:16,Male,18,Fast Food,Islam,Less than 15000,Engineering and Technology,Introverted,Classical music,Romance,Watch
8/9/2020 21:16,Male,18,Fast Food,Islam,Less than 15000,Engineering and Technology,Introverted,Classical music,Romance,Watch
8/9/2020 21:22,Male,24,Meat,Islam,15000 - 25000,Engineering and Technology,Introverted,Hip hop music,Crime,Nike Air Force (shoes)
8/9/2020 21:22,Male,25,Rice,Islam,15000 - 25000,Engineering and Technology,Introverted,Other,Romance,Watch
8/9/2020 21:23,Female,27,Fast Food,Islam,15000 - 25000,Languages and literature,Extroverted,Rock,Drama,Makeup
8/9/2020 21:23,Female,25,Rice,Islam,25000 - 50000,Medicine and health,Introverted,Country music,Mystery,Jewellery
8/9/2020 21:24,Male,24,Meat,Islam,25000 - 50000,Law,Extroverted,Classical music,Action,Cars
8/9/2020 21:26,Male,22,Rice,Islam,25000 - 50000,Engineering and Technology,Introverted,Other,Historical,Watch
8/9/2020 21:27,Male,24,Fast Food,Islam,25000 - 50000,Business,Introverted,Other,Adventure,Cars
8/9/2020 21:31,Female,28,Fruits,Islam,Less than 15000,Languages and literature,Extroverted,Other,Romance,Diamond Ring
8/9/2020 21:31,Female,17,Rice,Islam,Less than 15000,Engineering and Technology,Introverted,Classical music,Action,Smart Phone
8/9/2020 21:31,Male,55,Appetizer,Islam,25000 - 50000,Philosophy/Theology,Extroverted,Country music,Historical,A good novel
8/9/2020 21:32,Male,41,Vegetables,Islam,50000 - 100000,Languages and literature,Introverted,Classical music,Drama,Bike
8/9/2020 21:43,Female,25,Rice,Islam,15000 - 25000,"Natural Sciences (Biology, Chemistry, Physics etc.)",Extroverted,Pop music,Horror,Jewellery
8/9/2020 21:43,Female,22,Fast Food,Islam,Less than 15000,Design and Arts (Performing Arts/Visual Arts/Architecture/Graphic Design etc.),Extroverted,Rock,Horror,Jewellery
8/9/2020 21:46,Female,21,Meat,Islam,15000 - 25000,Languages and literature,Introverted,Other,Crime,Car
8/9/2020 21:47,Female,15 years 7 months 9 days,Rice,Islam,50000 - 100000,Languages and literature,Introverted,Classical music,Historical,A good novel
8/9/2020 21:49,Male,20,Meat,Islam,25000 - 50000,Business,Introverted,Classical music,Historical,IT gadget
8/9/2020 21:51,Male,22,Rice,Islam,15000 - 25000,Design and Arts (Performing Arts/Visual Arts/Architecture/Graphic Design etc.),Introverted,Country music,Action,Watch
8/9/2020 21:55,Male,21,Meat,Islam,25000 - 50000,Engineering and Technology,Introverted,Classical music,Historical,Watch
8/9/2020 21:59,Female,23,Fast Food,Islam,Less than 15000,Engineering and Technology,Extroverted,Classical music,Historical,Cars
8/9/2020 22:04,Female,21,Rice,Islam,50000 - 100000,Medicine and health,Introverted,Hip hop music,Comedy,Perfume/Cologne
8/9/2020 22:05,Male,22,Meat,Islam,25000 - 50000,Engineering and Technology,Extroverted,Rock,Horror,Watch
8/9/2020 22:08,Male,30,Meat,Islam,25000 - 50000,Law,Introverted,Country music,Action,Airpods
8/9/2020 22:09,Male,58,Grains,Islam,25000 - 50000,Business,Introverted,Classical music,Mystery,Wireless In-Car Bluetooth FM Transmitter
8/9/2020 22:10,Female,70,Vegetables,Islam,15000 - 25000,Political Science,Introverted,Classical music,Historical,A good novel
8/9/2020 22:11,Female,66,Vegetables,Islam,25000 - 50000,Mathematics/Statistics,Introverted,Classical music,Mystery,Photo album/frame OR Scrapbook
8/9/2020 22:14,Male,20,Fast Food,Islam,Less than 15000,Engineering and Technology,Introverted,Rock,Historical,Cars
8/9/2020 22:15,Female,22,Appetizer,Hinduism,15000 - 25000,"Natural Sciences (Biology, Chemistry, Physics etc.)",Extroverted,Country music,Adventure,Gucci Bags/ Perfume
8/9/2020 22:17,Male,30,Fast Food,Islam,15000 - 25000,Engineering and Technology,Introverted,Other,Romance,laptop
8/9/2020 22:18,Female,76,Vegetables,Islam,Less than 15000,Medicine and health,Introverted,Country music,Science fiction,IT gadget
8/9/2020 22:19,Female,59,Meat,Islam,15000 - 25000,Philosophy/Theology,Extroverted,Country music,Fantasy,Free Shopping Voucher
8/9/2020 22:19,Female,22,Fast Food,Islam,15000 - 25000,Design and Arts (Performing Arts/Visual Arts/Architecture/Graphic Design etc.),Introverted,Rock,Mystery,Art Set
8/9/2020 22:20,Female,35,Rice,Islam,25000 - 50000,"Natural Sciences (Biology, Chemistry, Physics etc.)",Introverted,Rock,Adventure,Free Shopping Voucher
8/9/2020 22:20,Female,23,Rice,Islam,Less than 15000,Engineering and Technology,Introverted,Classical music,Drama,Return Tickets (Tours)
8/9/2020 22:21,Male,31,Fruits,Islam,50000 - 100000,Design and Arts (Performing Arts/Visual Arts/Architecture/Graphic Design etc.),Introverted,Country music,Comedy,laptop
8/9/2020 22:22,Female,28,Meat,Islam,15000 - 25000,Languages and literature,Extroverted,Other,Historical,Diamond Ring
8/9/2020 22:22,Male,45,Meat,Islam,25000 - 50000,"Social Sciences (Economics, History, Geography, Psychology, Sociology etc.)",Introverted,Classical music,Horror,Bike
8/9/2020 22:27,Female,26,Fast Food,Islam,Less than 15000,"Social Sciences (Economics, History, Geography, Psychology, Sociology etc.)",Extroverted,Pop music,Romance,Photo album/frame OR Scrapbook
8/9/2020 22:27,Male,24,Fast Food,Islam,Less than 15000,Mathematics/Statistics,Extroverted,Rock,Action,Game
8/9/2020 22:27,Male,22,Vegetables,Islam,Less than 15000,"Natural Sciences (Biology, Chemistry, Physics etc.)",Introverted,Other,Action,IT gadget
8/9/2020 22:29,Male,30,Fruits,Islam,50000 - 100000,Business,Extroverted,Classical music,Science fiction,Educational Insights Design & Drill Mini Robot
8/9/2020 22:29,Female,26,Meat,Islam,Less than 15000,Medicine and health,Extroverted,Other,Fantasy,Guitar
8/9/2020 22:30,Female,28,Appetizer,Islam,Less than 15000,Design and Arts (Performing Arts/Visual Arts/Architecture/Graphic Design etc.),Introverted,Classical music,Drama,Diamond Ring
8/9/2020 22:32,Female,12,Vegetables,Islam,Less than 15000,"Social Sciences (Economics, History, Geography, Psychology, Sociology etc.)",Introverted,Rock,Adventure,Backpack
8/9/2020 22:33,Male,13,Fast Food,Islam,Less than 15000,Mathematics/Statistics,Introverted,Pop music,Comedy,LEGO Space Mars Research Shuttle
8/9/2020 22:34,Male,13,Fast Food,Islam,Less than 15000,Mathematics/Statistics,Introverted,Hip hop music,Adventure,External Battery Power Bank
8/9/2020 22:39,Female,16,Fast Food,Islam,Less than 15000,Law,Extroverted,Hip hop music,Mystery,JK Mini Fashion Doll
8/9/2020 22:42,Female,17,Rice,Islam,Less than 15000,Languages and literature,Introverted,Classical music,Horror,Tablets
8/9/2020 22:44,Female,19,Meat,Islam,Less than 15000,Law,Introverted,Country music,Political,iPhone Camera Lens
8/9/2020 22:45,Male,30,Fast Food,Islam,15000 - 25000,Medicine and health,Introverted,Hip hop music,Mystery,Instant Digital Camera
8/9/2020 22:47,Male,24,Rice,Islam,50000 - 100000,Engineering and Technology,Introverted,Classical music,Crime,Nike Air Force (shoes)
8/9/2020 22:48,Male,13,Rice,Islam,Less than 15000,Engineering and Technology,Extroverted,Other,Action,IT gadget
8/9/2020 22:48,Male,14,Meat,Islam,Less than 15000,Design and Arts (Performing Arts/Visual Arts/Architecture/Graphic Design etc.),Extroverted,Pop music,Crime,Jewellery
8/9/2020 22:49,Female,15,Appetizer,Islam,Less than 15000,"Natural Sciences (Biology, Chemistry, Physics etc.)",Introverted,Country music,Romance,Watch
8/9/2020 22:50,Male,16,Meat,Islam,Less than 15000,Mathematics/Statistics,Extroverted,Classical music,Fantasy,Jewellery
8/9/2020 22:50,Male,17,Vegetables,Islam,50000 - 100000,Business,Extroverted,Hip hop music,Fantasy,Makeup
8/9/2020 22:53,Male,23,Fast Food,Islam,15000 - 25000,Business,Extroverted,Hip hop music,Crime,Shirts
8/9/2020 22:57,Male,35,Meat,Islam,50000 - 100000,Business,Extroverted,Other,Action,Watch
8/9/2020 23:03,Male,11,Appetizer,Islam,Less than 15000,Languages and literature,Introverted,Classical music,Fantasy,Video game Set
8/9/2020 23:04,Male,25,Fast Food,Islam,Less than 15000,Engineering and Technology,Extroverted,Classical music,Comedy,Car
8/9/2020 23:04,Male,21,Meat,Islam,25000 - 50000,Design and Arts (Performing Arts/Visual Arts/Architecture/Graphic Design etc.),Introverted,Classical music,Historical,IT gadget
8/9/2020 23:04,Female,11,Fast Food,Islam,Less than 15000,Mathematics/Statistics,Extroverted,Pop music,Comedy,JK Mini Fashion Doll
8/9/2020 23:05,Male,12,Rice,Islam,Less than 15000,Philosophy/Theology,Introverted,Pop music,Action,Watch
8/9/2020 23:06,Female,12,Fast Food,Hinduism,Less than 15000,Languages and literature,Extroverted,Rock,Fantasy,Skateboard
8/9/2020 23:07,Male,13,Vegetables,Islam,Less than 15000,Mathematics/Statistics,Introverted,Rock,Adventure,laptop
8/9/2020 23:08,Female,13,Fast Food,Islam,Less than 15000,"Social Sciences (Economics, History, Geography, Psychology, Sociology etc.)",Extroverted,Country music,Comedy,Sunglass Travel Case
8/9/2020 23:08,Male,15,Appetizer,Islam,Less than 15000,"Social Sciences (Economics, History, Geography, Psychology, Sociology etc.)",Extroverted,Hip hop music,Thriller,Educational Insights Design & Drill Mini Robot
8/9/2020 23:09,Female,15,Rice,Islam,Less than 15000,"Social Sciences (Economics, History, Geography, Psychology, Sociology etc.)",Introverted,Country music,Horror,iPhone Camera Lens
8/9/2020 23:10,Male,16,Fruits,Islam,Less than 15000,Mathematics/Statistics,Introverted,Other,Horror,Dragon-I Zombie Blast IR Shooting Game
8/9/2020 23:11,Male,20,Fast Food,Islam,Less than 15000,Engineering and Technology,Introverted,Country music,Mystery,Bluetooth Hat Hands-free
8/9/2020 23:12,Female,20,Fast Food,Islam,Less than 15000,Design and Arts (Performing Arts/Visual Arts/Architecture/Graphic Design etc.),Introverted,Country music,Mystery,DSLR Lens
8/9/2020 23:12,Female,20,Rice,Islam,Less than 15000,"Natural Sciences (Biology, Chemistry, Physics etc.)",Introverted,Country music,Horror,Photo Pendants
8/9/2020 23:13,Male,22,Rice,Islam,Less than 15000,Business,Introverted,Rock,Action,laptop
8/9/2020 23:14,Male,9,Fast Food,Islam,Less than 15000,Mathematics/Statistics,Introverted,Country music,Mystery,Signature Mug
8/9/2020 23:15,Female,9,Rice,Islam,Less than 15000,Languages and literature,Extroverted,Country music,Comedy,JK Mini Fashion Doll
8/9/2020 23:22,Male,34,Meat,Islam,25000 - 50000,"Social Sciences (Economics, History, Geography, Psychology, Sociology etc.)",Introverted,Country music,Political,Blue Light Blocking Glasses
8/9/2020 23:24,Male,22,Fast Food,Islam,15000 - 25000,Engineering and Technology,Introverted,Rock,Thriller,laptop
8/9/2020 23:27,Male,38,Rice,Islam,50000 - 100000,Law,Introverted,Classical music,Political,Return Tickets (Tours)
8/9/2020 23:28,Female,38,Fruits,Islam,25000 - 50000,Political Science,Extroverted,Country music,Science fiction,Gold Necklace
8/9/2020 23:29,Female,51,Meat,Islam,25000 - 50000,"Natural Sciences (Biology, Chemistry, Physics etc.)",Introverted,Other,Horror,Return Tickets (Tours)
8/9/2020 23:30,Female,8,Fast Food,Islam,Less than 15000,"Social Sciences (Economics, History, Geography, Psychology, Sociology etc.)",Introverted,Classical music,Horror,Slime Toys
8/9/2020 23:31,Female,8,Appetizer,Islam,Less than 15000,Mathematics/Statistics,Extroverted,Hip hop music,Historical,Scooby-DOO! Mystery Machine
8/9/2020 23:41,Female,23,Vegetables,Islam,Less than 15000,Languages and literature,Introverted,Other,Historical,Makeup
8/9/2020 23:50,Female,25,Fast Food,Islam,15000 - 25000,Design and Arts (Performing Arts/Visual Arts/Architecture/Graphic Design etc.),Introverted,Pop music,Romance,Movie Tickets
8/9/2020 23:53,Male,23,Fruits,Islam,15000 - 25000,Business,Extroverted,Country music,Comedy,Flowers
8/10/2020 0:05,Female,27,Fruits,Islam,50000 - 100000,Business,Introverted,Classical music,Comedy,Gold Necklace
8/10/2020 0:09,Female,50,Meat,Islam,50000 - 100000,"Social Sciences (Economics, History, Geography, Psychology, Sociology etc.)",Introverted,Classical music,Comedy,Flowers
8/10/2020 0:09,Female,25,Fast Food,Islam,Less than 15000,"Natural Sciences (Biology, Chemistry, Physics etc.)",Extroverted,Country music,Action,Makeup
8/10/2020 0:10,Female,35,Rice,Islam,Less than 15000,Design and Arts (Performing Arts/Visual Arts/Architecture/Graphic Design etc.),Introverted,Pop music,Horror,Cars
8/10/2020 0:13,Female,30,Meat,Islam,Less than 15000,Law,Extroverted,Country music,Satire,Free Shopping Voucher
8/10/2020 0:13,Female,35,Rice,Islam,Less than 15000,Languages and literature,Introverted,Rock,Fantasy,Movie Tickets
8/10/2020 0:14,Female,36,Rice,Islam,50000 - 100000,Engineering and Technology,Introverted,Classical music,Drama,Ooni Pro Outdoor Pizza Oven
8/10/2020 0:15,Female,36,Vegetables,Islam,25000 - 50000,"Natural Sciences (Biology, Chemistry, Physics etc.)",Introverted,Classical music,Horror,Ooni Pro Outdoor Pizza Oven
8/10/2020 0:18,Female,21,Appetizer,Islam,Less than 15000,Philosophy/Theology,Extroverted,Pop music,Horror,Gucci Bags/ Perfume
8/10/2020 0:19,Female,85,Meat,Islam,25000 - 50000,Design and Arts (Performing Arts/Visual Arts/Architecture/Graphic Design etc.),Extroverted,Classical music,Drama,Smart Phone
8/10/2020 0:20,Female,79,Grains,Islam,25000 - 50000,Business,Introverted,Country music,Historical,Return Tickets (Tours)
8/10/2020 0:26,Male,33,Meat,Islam,15000 - 25000,Law,Introverted,Classical music,Historical,Bluetooth Wood Speaker Dock
8/10/2020 0:27,Male,55,Grains,Islam,25000 - 50000,Political Science,Extroverted,Country music,Political,Blue Light Blocking Glasses
8/10/2020 0:28,Male,53,Meat,Islam,50000 - 100000,Philosophy/Theology,Extroverted,Classical music,Mystery,Cars
8/10/2020 0:29,Male,66,Grains,Islam,50000 - 100000,Engineering and Technology,Introverted,Country music,Action,Return Tickets (Tours)
8/10/2020 0:29,Female,66,Fruits,Islam,25000 - 50000,"Natural Sciences (Biology, Chemistry, Physics etc.)",Introverted,Country music,Drama,A good novel
8/10/2020 0:35,Female,88,Vegetables,Islam,25000 - 50000,Law,Extroverted,Other,Historical,Cinematic Light Box
8/10/2020 0:44,Male,70,Meat,Islam,50000 - 100000,"Natural Sciences (Biology, Chemistry, Physics etc.)",Extroverted,Classical music,Political,LCD
8/10/2020 0:50,Female,25,Vegetables,Islam,25000 - 50000,Law,Extroverted,Country music,Fantasy,Return Tickets (Tours)
8/10/2020 0:54,Female,24,Fast Food,Islam,Less than 15000,Medicine and health,Extroverted,Country music,Fantasy,Car
8/10/2020 0:58,Male,89,Grains,Islam,50000 - 100000,"Social Sciences (Economics, History, Geography, Psychology, Sociology etc.)",Introverted,Country music,Mystery,Photo album/frame OR Scrapbook
8/10/2020 1:07,Male,23,Fast Food,Islam,50000 - 100000,Business,Introverted,Classical music,Comedy,Guitar
8/10/2020 1:09,Male,25,Meat,Islam,50000 - 100000,Engineering and Technology,Introverted,Pop music,Action,IT gadget
8/10/2020 1:29,Male,22,Grains,Christianity,Less than 15000,Engineering and Technology,Introverted,Other,Science fiction,laptop
8/10/2020 1:43,Male,25,Rice,Islam,25000 - 50000,Engineering and Technology,Introverted,Country music,Action,Cars
8/10/2020 2:01,Male,24,Rice,Islam,50000 - 100000,Engineering and Technology,Introverted,Classical music,Crime,Nike Air Force (shoes)
8/10/2020 2:19,Male,29,Rice,Islam,50000 - 100000,Engineering and Technology,Introverted,Classical music,Comedy,IT gadget
8/10/2020 2:19,Female,24,Meat,Islam,15000 - 25000,Engineering and Technology,Introverted,Country music,Comedy,Car
8/10/2020 2:27,Male,23,Fast Food,Islam,25000 - 50000,"Social Sciences (Economics, History, Geography, Psychology, Sociology etc.)",Introverted,Classical music,Science fiction,IT gadget
8/10/2020 2:29,Male,23,Rice,Islam,Less than 15000,Engineering and Technology,Extroverted,Other,Crime,Cars
8/10/2020 2:37,Male,25,Fruits,Islam,50000 - 100000,Engineering and Technology,Introverted,Classical music,Action,Car
8/10/2020 2:47,Male,21,Meat,Islam,25000 - 50000,Design and Arts (Performing Arts/Visual Arts/Architecture/Graphic Design etc.),Introverted,Classical music,Historical,IT gadget
8/10/2020 3:20,Male,29,Rice,Islam,50000 - 100000,Engineering and Technology,Introverted,Classical music,Comedy,IT gadget
8/10/2020 3:32,Female,22,Fast Food,Islam,Less than 15000,Business,Introverted,Other,Comedy,Guitar
8/10/2020 5:02,Female,19,Rice,Islam,25000 - 50000,Engineering and Technology,Introverted,Classical music,Comedy,Return Tickets (Tours)
8/10/2020 5:47,Male,38,Fruits,Islam,50000 - 100000,Languages and literature,Introverted,Other,Adventure,Car
8/10/2020 9:27,Female,26,Rice,Islam,15000 - 25000,Engineering and Technology,Introverted,Other,Horror,Jewellery
8/10/2020 10:23,Male,27,Vegetables,Islam,50000 - 100000,Mathematics/Statistics,Introverted,Other,Comedy,Airpods
8/10/2020 10:29,Male,23,Meat,Islam,25000 - 50000,Mathematics/Statistics,Introverted,Other,Action,Bike
8/10/2020 10:57,Male,32,Meat,Islam,25000 - 50000,Business,Introverted,Other,Comedy,Flowers
8/10/2020 12:47,Female,20,Fast Food,Islam,Less than 15000,Engineering and Technology,Introverted,Pop music,Horror,laptop
8/10/2020 13:02,Female,21,Fast Food,Islam,15000 - 25000,Engineering and Technology,Introverted,Classical music,Mystery,Flowers
8/10/2020 13:02,Female,21,Fast Food,Islam,15000 - 25000,Engineering and Technology,Introverted,Classical music,Mystery,Flowers
8/10/2020 13:12,Male,17,Rice,Islam,Less than 15000,Engineering and Technology,Introverted,Other,Science fiction,laptop
8/10/2020 13:14,Male,20,Rice,Islam,Less than 15000,Engineering and Technology,Introverted,Other,Science fiction,Bike
8/10/2020 13:23,Male,16,Fast Food,Islam,Less than 15000,Engineering and Technology,Introverted,Other,Horror,Xbox One S Bundle
8/10/2020 13:38,Female,24,Fast Food,Islam,15000 - 25000,Engineering and Technology,Extroverted,Rock,Mystery,Perfume/Cologne
8/10/2020 13:49,Female,22,Fast Food,Islam,Less than 15000,Engineering and Technology,Extroverted,Pop music,Mystery,IT gadget
8/10/2020 13:58,Male,4,Fast Food,Islam,Less than 15000,Mathematics/Statistics,Introverted,Rock,Fantasy,Slime Toys
8/10/2020 13:58,Female,68,Appetizer,Islam,25000 - 50000,Philosophy/Theology,Introverted,Classical music,Science fiction,Return Tickets (Tours)
8/10/2020 13:59,Female,55,Meat,Islam,25000 - 50000,"Natural Sciences (Biology, Chemistry, Physics etc.)",Extroverted,Classical music,Historical,Photo Pendants
8/10/2020 13:59,Female,55,Fast Food,Islam,25000 - 50000,Business,Introverted,Country music,Horror,Chess Game Mat
8/10/2020 14:00,Female,80,Grains,Islam,50000 - 100000,"Social Sciences (Economics, History, Geography, Psychology, Sociology etc.)",Extroverted,Country music,Political,laptop
8/10/2020 14:00,Male,17,Fast Food,Islam,15000 - 25000,Languages and literature,Extroverted,Country music,Historical,Airpods
8/10/2020 14:01,Male,14,Fast Food,Islam,25000 - 50000,Languages and literature,Introverted,Country music,Mystery,Photo Pendants
8/10/2020 14:02,Male,23,Fruits,Islam,25000 - 50000,Medicine and health,Extroverted,Hip hop music,Crime,Wireless In-Car Bluetooth FM Transmitter
8/10/2020 14:03,Male,44,Meat,Islam,15000 - 25000,Languages and literature,Extroverted,Country music,Adventure,Signature Mug
8/10/2020 14:04,Male,43,Meat,Islam,25000 - 50000,Business,Introverted,Other,Historical,Photo album/frame OR Scrapbook
8/10/2020 14:05,Female,44,Grains,Islam,Less than 15000,"Social Sciences (Economics, History, Geography, Psychology, Sociology etc.)",Introverted,Country music,Political,Photo Slate
8/10/2020 14:15,Male,24,Meat,Islam,Less than 15000,"Social Sciences (Economics, History, Geography, Psychology, Sociology etc.)",Introverted,Other,Comedy,Car
8/10/2020 14:20,Female,19,Fast Food,Islam,Less than 15000,Design and Arts (Performing Arts/Visual Arts/Architecture/Graphic Design etc.),Extroverted,Pop music,Adventure,Guitar
8/10/2020 14:32,Female,20,Rice,Islam,Less than 15000,Mathematics/Statistics,Extroverted,Country music,Horror,Guitar
8/10/2020 14:34,Female,20,Rice,Islam,Less than 15000,Mathematics/Statistics,Extroverted,Country music,Horror,Guitar
8/10/2020 14:49,Female,60,Vegetables,Islam,25000 - 50000,Law,Extroverted,Country music,Drama,Cars
8/10/2020 14:50,Female,66,Appetizer,Islam,25000 - 50000,Mathematics/Statistics,Extroverted,Hip hop music,Horror,Bike
8/10/2020 14:50,Male,44,Appetizer,Islam,25000 - 50000,Languages and literature,Introverted,Classical music,Adventure,Airpods
8/10/2020 14:51,Male,80,Grains,Islam,25000 - 50000,Languages and literature,Extroverted,Country music,Fantasy,Wooden Cufflinks
8/10/2020 14:52,Male,81,Vegetables,Islam,15000 - 25000,Languages and literature,Introverted,Country music,Historical,Chess Game Mat
8/10/2020 14:52,Male,82,Grains,Islam,25000 - 50000,Business,Extroverted,Hip hop music,Political,IT gadget
8/10/2020 14:53,Male,85,Grains,Islam,50000 - 100000,"Social Sciences (Economics, History, Geography, Psychology, Sociology etc.)",Extroverted,Classical music,Political,Desk Phone Holder
8/10/2020 14:54,Female,83,Vegetables,Islam,15000 - 25000,Languages and literature,Extroverted,Country music,Comedy,laptop
8/10/2020 14:56,Male,84,Grains,Islam,25000 - 50000,"Natural Sciences (Biology, Chemistry, Physics etc.)",Extroverted,Country music,Historical,Personal Charging Hub
8/10/2020 14:56,Male,84,Grains,Islam,50000 - 100000,Business,Introverted,Classical music,Historical,Return Tickets (Tours)
8/10/2020 14:57,Male,85,Vegetables,Islam,25000 - 50000,Design and Arts (Performing Arts/Visual Arts/Architecture/Graphic Design etc.),Extroverted,Country music,Mystery,External Battery Power Bank
8/10/2020 14:57,Male,86,Vegetables,Islam,50000 - 100000,Business,Extroverted,Country music,Historical,Airpods
8/10/2020 14:58,Male,89,Grains,Islam,25000 - 50000,"Natural Sciences (Biology, Chemistry, Physics etc.)",Extroverted,Classical music,Action,Return Tickets (Tours)
8/10/2020 14:59,Male,70,Fruits,Islam,50000 - 100000,Philosophy/Theology,Extroverted,Classical music,Science fiction,Head Phones
8/10/2020 15:00,Male,75,Meat,Islam,15000 - 25000,Languages and literature,Introverted,Classical music,Horror,Flipside Game
8/10/2020 15:00,Male,11,Fast Food,Islam,Less than 15000,Mathematics/Statistics,Introverted,Country music,Horror,Bluetooth Wood Speaker Dock
8/10/2020 15:01,Female,11,Fast Food,Islam,Less than 15000,Philosophy/Theology,Introverted,Country music,Horror,Imaginext Transforming Batmobile
8/10/2020 15:02,Female,14,Meat,Islam,15000 - 25000,Business,Extroverted,Classical music,Science fiction,Video game Set
8/10/2020 15:04,Male,14,Fast Food,Islam,25000 - 50000,Languages and literature,Extroverted,Country music,Science fiction,Head Phones
8/10/2020 15:15,Female,15,Fast Food,Islam,Less than 15000,Mathematics/Statistics,Introverted,Rock,Political,Wallet/Purse
8/10/2020 15:16,Male,15,Appetizer,Islam,15000 - 25000,Political Science,Extroverted,Hip hop music,Horror,Personal Charging Hub
8/10/2020 15:16,Male,23,Vegetables,Islam,50000 - 100000,Engineering and Technology,Introverted,Rock,Adventure,laptop
8/10/2020 15:18,Female,17,Rice,Islam,15000 - 25000,Languages and literature,Introverted,Country music,Historical,A good novel
8/10/2020 15:18,Male,55,Vegetables,Islam,25000 - 50000,Mathematics/Statistics,Introverted,Country music,Political,Cars
8/10/2020 15:19,Male,77,Vegetables,Islam,25000 - 50000,Design and Arts (Performing Arts/Visual Arts/Architecture/Graphic Design etc.),Introverted,Rock,Political,Wooden Cufflinks
8/10/2020 15:20,Male,74,Appetizer,Islam,25000 - 50000,Languages and literature,Extroverted,Classical music,Political,A good novel
8/10/2020 15:21,Male,54,Meat,Islam,15000 - 25000,"Natural Sciences (Biology, Chemistry, Physics etc.)",Extroverted,Hip hop music,Horror,iPhone Camera Lens
8/10/2020 16:03,Male,23,Rice,Islam,50000 - 100000,Business,Extroverted,Classical music,Action,Xbox One S Bundle
8/10/2020 16:20,Female,16,Fast Food,Islam,50000 - 100000,Design and Arts (Performing Arts/Visual Arts/Architecture/Graphic Design etc.),Introverted,Pop music,Action,Photo album/frame OR Scrapbook
8/10/2020 16:39,Female,20,Rice,Islam,Less than 15000,Engineering and Technology,Introverted,Rock,Comedy,Smart Phone
8/10/2020 16:48,Female,23,Fast Food,Islam,Less than 15000,Design and Arts (Performing Arts/Visual Arts/Architecture/Graphic Design etc.),Introverted,Other,Drama,Smart Phone
8/10/2020 16:58,Male,23,Fast Food,Islam,Less than 15000,Engineering and Technology,Introverted,Pop music,Comedy,Cars
8/10/2020 16:59,Female,17,Appetizer,Islam,25000 - 50000,Languages and literature,Introverted,Country music,Horror,Makeup
8/10/2020 17:00,Female,16,Rice,Islam,25000 - 50000,Philosophy/Theology,Introverted,Country music,Fantasy,Game
8/10/2020 17:01,Female,14,Rice,Islam,15000 - 25000,Law,Extroverted,Country music,Crime,Photo album/frame OR Scrapbook
8/10/2020 17:01,Male,51,Vegetables,Islam,25000 - 50000,Medicine and health,Extroverted,Hip hop music,Thriller,Dragon-I Zombie Blast IR Shooting Game
8/10/2020 17:02,Male,40,Fruits,Islam,15000 - 25000,Law,Extroverted,Country music,Drama,Wallet/Purse
8/10/2020 17:03,Male,30,Fast Food,Islam,15000 - 25000,Business,Introverted,Hip hop music,Action,Nike Air Force (shoes)
8/10/2020 17:03,Male,30,Meat,Islam,15000 - 25000,Business,Extroverted,Classical music,Comedy,Instant Digital Camera
8/10/2020 17:05,Female,45,Vegetables,Islam,25000 - 50000,Political Science,Extroverted,Country music,Drama,IT gadget
8/10/2020 17:06,Female,43,Vegetables,Islam,15000 - 25000,Languages and literature,Extroverted,Country music,Mystery,Mini R/C Drone
8/10/2020 17:07,Female,77,Vegetables,Islam,25000 - 50000,Business,Extroverted,Classical music,Thriller,Gold Necklace
8/10/2020 17:08,Female,77,Meat,Islam,15000 - 25000,"Natural Sciences (Biology, Chemistry, Physics etc.)",Introverted,Country music,Historical,Sunglass Travel Case
8/10/2020 17:09,Female,79,Vegetables,Islam,25000 - 50000,Business,Extroverted,Classical music,Action,Cars
8/10/2020 17:11,Female,44,Rice,Islam,25000 - 50000,Law,Extroverted,Classical music,Horror,Cars
8/10/2020 17:12,Female,41,Rice,Islam,15000 - 25000,Design and Arts (Performing Arts/Visual Arts/Architecture/Graphic Design etc.),Extroverted,Country music,Mystery,Cookbook
8/10/2020 17:13,Female,13,Rice,Islam,Less than 15000,Mathematics/Statistics,Introverted,Country music,Fantasy,Diamond Ring
8/10/2020 17:13,Female,23,Rice,Islam,15000 - 25000,Engineering and Technology,Extroverted,Pop music,Drama,Diamond Ring
8/10/2020 17:15,Female,25,Rice,Islam,15000 - 25000,Engineering and Technology,Extroverted,Country music,Horror,Gucci Bags/ Perfume
8/10/2020 17:16,Female,26,Meat,Islam,25000 - 50000,Law,Extroverted,Country music,Crime,Gucci Bags/ Perfume
8/10/2020 17:17,Male,5,Fast Food,Islam,Less than 15000,Mathematics/Statistics,Extroverted,Rock,Comedy,Mini R/C Drone
8/10/2020 17:18,Female,48,Vegetables,Islam,15000 - 25000,Design and Arts (Performing Arts/Visual Arts/Architecture/Graphic Design etc.),Extroverted,Classical music,Political,Smart Phone
8/10/2020 17:19,Female,10,Fast Food,Islam,Less than 15000,Mathematics/Statistics,Extroverted,Rock,Fantasy,LEGO Space Mars Research Shuttle
8/10/2020 17:20,Female,43,Rice,Islam,15000 - 25000,Philosophy/Theology,Extroverted,Country music,Horror,Jewellery
8/10/2020 17:23,Male,45,Vegetables,Islam,15000 - 25000,Philosophy/Theology,Extroverted,Country music,Historical,Signature Mug
8/10/2020 17:23,Female,19,Rice,Islam,15000 - 25000,Design and Arts (Performing Arts/Visual Arts/Architecture/Graphic Design etc.),Introverted,Hip hop music,Action,Watch
8/10/2020 17:23,Female,78,Grains,Islam,25000 - 50000,Mathematics/Statistics,Extroverted,Hip hop music,Fantasy,Dragon-I Zombie Blast IR Shooting Game
8/10/2020 17:24,Female,20,Fast Food,Islam,15000 - 25000,Medicine and health,Extroverted,Other,Crime,Photo album/frame OR Scrapbook
8/10/2020 17:24,Female,74,Fruits,Islam,15000 - 25000,Languages and literature,Extroverted,Country music,Drama,IT gadget
8/10/2020 17:25,Female,28,Fast Food,Islam,25000 - 50000,Engineering and Technology,Extroverted,Country music,Horror,Cookbook
8/10/2020 17:25,Female,27,Appetizer,Islam,50000 - 100000,"Natural Sciences (Biology, Chemistry, Physics etc.)",Extroverted,Hip hop music,Thriller,Flipside Game
8/10/2020 17:26,Female,89,Grains,Islam,15000 - 25000,Philosophy/Theology,Extroverted,Country music,Horror,Desk Phone Holder
8/10/2020 17:26,Female,15,Vegetables,Islam,Less than 15000,Design and Arts (Performing Arts/Visual Arts/Architecture/Graphic Design etc.),Introverted,Rock,Fantasy,Wallet/Purse
8/10/2020 17:26,Female,12,Fast Food,Islam,Less than 15000,Business,Extroverted,Country music,Action,Watch
8/10/2020 17:26,Female,72,Grains,Islam,25000 - 50000,"Natural Sciences (Biology, Chemistry, Physics etc.)",Extroverted,Country music,Mystery,A good novel
8/10/2020 17:27,Male,24,Rice,Islam,50000 - 100000,Business,Introverted,Rock,Adventure,Watch
8/10/2020 17:27,Female,80,Fast Food,Islam,15000 - 25000,Medicine and health,Extroverted,Country music,Mystery,Airpods
8/10/2020 17:27,Female,23,Fast Food,Islam,Less than 15000,"Social Sciences (Economics, History, Geography, Psychology, Sociology etc.)",Extroverted,Rock,Adventure,Perfume/Cologne
8/10/2020 17:31,Female,88,Appetizer,Islam,25000 - 50000,"Natural Sciences (Biology, Chemistry, Physics etc.)",Extroverted,Classical music,Mystery,IT gadget
8/10/2020 17:32,Female,77,Vegetables,Islam,25000 - 50000,Law,Extroverted,Classical music,Political,Chess Game Mat
8/10/2020 17:33,Female,8,Fast Food,Islam,Less than 15000,"Social Sciences (Economics, History, Geography, Psychology, Sociology etc.)",Extroverted,Rock,Action,Backpack
8/10/2020 17:34,Female,78,Appetizer,Islam,25000 - 50000,Languages and literature,Extroverted,Classical music,Drama,Gold Necklace
8/10/2020 17:35,Female,71,Fruits,Islam,15000 - 25000,Philosophy/Theology,Extroverted,Country music,Comedy,Signature Mug
8/10/2020 17:36,Female,44,Rice,Islam,15000 - 25000,Philosophy/Theology,Extroverted,Classical music,Horror,Ooni Pro Outdoor Pizza Oven
8/10/2020 17:37,Female,90,Grains,Islam,25000 - 50000,"Social Sciences (Economics, History, Geography, Psychology, Sociology etc.)",Extroverted,Country music,Political,Photo Slate
8/10/2020 17:38,Male,90,Grains,Islam,50000 - 100000,Business,Extroverted,Country music,Political,Photo album/frame OR Scrapbook
8/10/2020 17:38,Female,89,Meat,Islam,Less than 15000,Design and Arts (Performing Arts/Visual Arts/Architecture/Graphic Design etc.),Extroverted,Other,Historical,Jewellery
8/10/2020 17:40,Female,21,Appetizer,Islam,25000 - 50000,Engineering and Technology,Introverted,Classical music,Historical,A good novel
8/10/2020 17:41,Female,71,Vegetables,Islam,25000 - 50000,Mathematics/Statistics,Introverted,Classical music,Historical,A good novel
8/10/2020 17:41,Female,41,Fast Food,Islam,25000 - 50000,Design and Arts (Performing Arts/Visual Arts/Architecture/Graphic Design etc.),Extroverted,Country music,Political,Photo album/frame OR Scrapbook
8/10/2020 17:42,Female,21,Appetizer,Islam,25000 - 50000,"Natural Sciences (Biology, Chemistry, Physics etc.)",Extroverted,Classical music,Historical,Flowers
8/10/2020 17:43,Female,27,Fast Food,Islam,15000 - 25000,Languages and literature,Extroverted,Classical music,Comedy,Gold Necklace
8/10/2020 17:44,Female,42,Vegetables,Islam,15000 - 25000,Law,Extroverted,Classical music,Crime,Gucci Bags/ Perfume
8/10/2020 17:45,Female,56,Vegetables,Islam,25000 - 50000,Philosophy/Theology,Extroverted,Country music,Political,IT gadget
8/10/2020 17:45,Female,76,Grains,Islam,15000 - 25000,Philosophy/Theology,Extroverted,Country music,Drama,Signature Mug
8/10/2020 17:46,Female,73,Grains,Sikhism,25000 - 50000,"Natural Sciences (Biology, Chemistry, Physics etc.)",Extroverted,Rock,Horror,Car
8/10/2020 17:47,Female,35,Fast Food,Islam,15000 - 25000,Languages and literature,Extroverted,Classical music,Drama,Ooni Pro Outdoor Pizza Oven
8/10/2020 17:48,Male,44,Rice,Islam,15000 - 25000,Languages and literature,Extroverted,Pop music,Science fiction,Cinematic Light Box
8/10/2020 17:49,Female,71,Rice,Islam,15000 - 25000,Mathematics/Statistics,Extroverted,Hip hop music,Drama,Photo Pendants
8/10/2020 17:51,Female,20,Rice,Islam,Less than 15000,"Natural Sciences (Biology, Chemistry, Physics etc.)",Extroverted,Rock,Horror,laptop
8/10/2020 17:51,Female,43,Meat,Islam,15000 - 25000,Law,Extroverted,Country music,Political,Gucci Bags/ Perfume
8/10/2020 18:02,Female,20,Rice,Islam,15000 - 25000,Engineering and Technology,Introverted,Other,Action,Makeup
8/10/2020 18:03,Female,20,Rice,Islam,25000 - 50000,Engineering and Technology,Introverted,Other,Action,Makeup
8/10/2020 18:04,Female,20,Rice,Islam,25000 - 50000,Engineering and Technology,Introverted,Other,Action,Makeup
8/10/2020 18:04,Female,51,Rice,Islam,Less than 15000,Mathematics/Statistics,Extroverted,Hip hop music,Fantasy,Wallet/Purse
8/10/2020 18:06,Male,12,Rice,Islam,Less than 15000,Design and Arts (Performing Arts/Visual Arts/Architecture/Graphic Design etc.),Extroverted,Rock,Comedy,IT gadget
8/10/2020 18:07,Male,36,Rice,Islam,15000 - 25000,Business,Extroverted,Country music,Drama,Cookbook
8/10/2020 18:08,Female,17,Rice,Islam,Less than 15000,"Natural Sciences (Biology, Chemistry, Physics etc.)",Extroverted,Country music,Horror,laptop
8/10/2020 18:09,Female,24,Rice,Islam,Less than 15000,Business,Extroverted,Classical music,Comedy,IT gadget
8/10/2020 18:12,Male,14,Rice,Islam,Less than 15000,Business,Extroverted,Country music,Horror,Photo album/frame OR Scrapbook
8/10/2020 18:13,Female,14,Fast Food,Islam,Less than 15000,"Natural Sciences (Biology, Chemistry, Physics etc.)",Extroverted,Rock,Drama,Joystick
8/10/2020 18:16,Female,46,Rice,Islam,15000 - 25000,Law,Extroverted,Country music,Horror,Wallet/Purse
8/10/2020 18:21,Female,41,Rice,Islam,Less than 15000,Mathematics/Statistics,Extroverted,Country music,Horror,IT gadget
8/10/2020 18:23,Male,46,Rice,Islam,Less than 15000,Business,Extroverted,Country music,Drama,Head Phones
8/10/2020 18:24,Male,25,Rice,Islam,15000 - 25000,Mathematics/Statistics,Extroverted,Pop music,Drama,Photo album/frame OR Scrapbook
8/10/2020 18:25,Female,42,Vegetables,Islam,15000 - 25000,Languages and literature,Extroverted,Country music,Fantasy,Photo album/frame OR Scrapbook
8/10/2020 18:27,Female,20,Vegetables,Islam,15000 - 25000,"Natural Sciences (Biology, Chemistry, Physics etc.)",Extroverted,Hip hop music,Drama,Watch
8/10/2020 18:31,Male,45,Meat,Islam,25000 - 50000,Business,Extroverted,Country music,Drama,Watch
8/10/2020 18:32,Male,24,Rice,Islam,15000 - 25000,Business,Extroverted,Country music,Drama,Wallet/Purse
8/10/2020 18:34,Male,45,Rice,Islam,15000 - 25000,Engineering and Technology,Extroverted,Pop music,Crime,Sunglass Travel Case
8/10/2020 18:35,Male,41,Rice,Islam,15000 - 25000,Law,Extroverted,Rock,Historical,Airpods
8/10/2020 18:35,Male,44,Appetizer,Islam,25000 - 50000,Medicine and health,Extroverted,Rock,Drama,Backpack
8/10/2020 18:36,Male,73,Rice,Islam,15000 - 25000,Law,Extroverted,Country music,Drama,External Battery Power Bank
8/10/2020 18:37,Male,47,Meat,Islam,15000 - 25000,Law,Extroverted,Country music,Drama,Car
8/10/2020 18:38,Female,43,Fast Food,Islam,25000 - 50000,Business,Extroverted,Country music,Mystery,IT gadget
8/10/2020 18:39,Male,40,Meat,Islam,15000 - 25000,Business,Extroverted,Country music,Drama,Bike
8/10/2020 18:40,Male,40,Rice,Islam,15000 - 25000,Law,Extroverted,Country music,Drama,Car
8/10/2020 18:41,Male,47,Rice,Islam,15000 - 25000,Business,Extroverted,Country music,Drama,Wallet/Purse
8/10/2020 18:49,Male,50,Rice,Islam,25000 - 50000,Languages and literature,Extroverted,Country music,Drama,Cars
8/10/2020 18:49,Male,22,Rice,Islam,25000 - 50000,Engineering and Technology,Extroverted,Hip hop music,Horror,Perfume/Cologne
8/10/2020 19:10,Male,19,Rice,Islam,15000 - 25000,Business,Extroverted,Other,Crime,Cars
8/10/2020 19:11,Male,23,Rice,Islam,25000 - 50000,"Natural Sciences (Biology, Chemistry, Physics etc.)",Extroverted,Country music,Action,Smart Phone
8/10/2020 19:12,Male,23,Rice,Islam,Less than 15000,Law,Extroverted,Country music,Action,Cars
8/10/2020 19:13,Male,26,Appetizer,Islam,15000 - 25000,Mathematics/Statistics,Extroverted,Classical music,Historical,Instant Digital Camera
8/10/2020 19:15,Female,31,Rice,Islam,15000 - 25000,"Natural Sciences (Biology, Chemistry, Physics etc.)",Extroverted,Classical music,Comedy,Gold Necklace
8/10/2020 19:16,Female,31,Fast Food,Islam,15000 - 25000,Law,Extroverted,Country music,Crime,Car
8/10/2020 19:19,Male,19,Fast Food,Islam,25000 - 50000,Languages and literature,Extroverted,Country music,Comedy,Sunglass Travel Case
8/10/2020 19:19,Male,32,Vegetables,Islam,15000 - 25000,Business,Extroverted,Country music,Horror,DSLR Lens
8/10/2020 19:22,Male,49,Vegetables,Islam,15000 - 25000,Philosophy/Theology,Extroverted,Classical music,Horror,Travel Tour Bag
8/10/2020 19:23,Male,41,Meat,Islam,15000 - 25000,Mathematics/Statistics,Extroverted,Classical music,Horror,Car
8/10/2020 19:24,Female,24,Vegetables,Islam,15000 - 25000,Law,Extroverted,Classical music,Action,Watch
8/10/2020 19:25,Female,35,Rice,Islam,25000 - 50000,Law,Extroverted,Country music,Comedy,Free Shopping Voucher
8/10/2020 19:27,Female,21,Meat,Islam,Less than 15000,Engineering and Technology,Extroverted,Country music,Drama,Gold Necklace
8/10/2020 20:02,Male,40,Vegetables,Islam,50000 - 100000,Business,Introverted,Classical music,Fantasy,Perfume/Cologne
8/10/2020 20:03,Male,45,Grains,Hinduism,25000 - 50000,Medicine and health,Extroverted,Country music,Political,Educational Insights Design & Drill Mini Robot
8/10/2020 20:05,Female,50,Fruits,Christianity,15000 - 25000,"Social Sciences (Economics, History, Geography, Psychology, Sociology etc.)",Introverted,Pop music,Mystery,Jewellery
8/10/2020 20:05,Female,44,Vegetables,Taoism,25000 - 50000,Languages and literature,Extroverted,Hip hop music,Horror,Flowers
8/10/2020 20:06,Male,24,Fast Food,Islam,15000 - 25000,Engineering and Technology,Extroverted,Rock,Adventure,laptop
8/10/2020 20:07,Male,17,Fast Food,Hinduism,Less than 15000,Mathematics/Statistics,Extroverted,Rock,Comedy,Game
8/10/2020 20:08,Female,35,Rice,Christianity,15000 - 25000,"Social Sciences (Economics, History, Geography, Psychology, Sociology etc.)",Extroverted,Hip hop music,Historical,Smart Phone
8/10/2020 20:09,Male,32,Fast Food,Sikhism,50000 - 100000,Political Science,Extroverted,Classical music,Thriller,Airpods
8/10/2020 20:10,Female,20,Grains,Islam,15000 - 25000,Business,Extroverted,Other,Crime,Watch
8/10/2020 20:10,Female,27,Rice,Islam,Less than 15000,Medicine and health,Extroverted,Other,Science fiction,Free Shopping Voucher
8/10/2020 20:11,Male,28,Fast Food,Islam,25000 - 50000,Philosophy/Theology,Extroverted,Classical music,Historical,laptop
8/10/2020 20:11,Male,19,Fast Food,Taoism,Less than 15000,Law,Introverted,Classical music,Mystery,Mini R/C Drone
8/10/2020 20:11,Male,23,Appetizer,Islam,Less than 15000,"Social Sciences (Economics, History, Geography, Psychology, Sociology etc.)",Introverted,Hip hop music,Crime,Cars
8/10/2020 20:12,Female,18,Fruits,Islam,Less than 15000,Philosophy/Theology,Introverted,Classical music,Drama,Game
8/10/2020 20:12,Female,39,Meat,Islam,50000 - 100000,Business,Introverted,Rock,Horror,Guitar
8/10/2020 20:12,Male,26,Vegetables,Islam,Less than 15000,Philosophy/Theology,Extroverted,Classical music,Historical,Cinematic Light Box
8/10/2020 20:13,Female,25,Fast Food,Islam,15000 - 25000,Languages and literature,Introverted,Other,Mystery,Movie Tickets
8/10/2020 20:14,Female,41,Rice,Islam,50000 - 100000,Law,Extroverted,Other,Historical,LCD
8/10/2020 20:14,Female,18,Appetizer,Islam,15000 - 25000,Languages and literature,Introverted,Classical music,Crime,Jewellery
8/10/2020 20:15,Male,25,Vegetables,Islam,15000 - 25000,Engineering and Technology,Extroverted,Hip hop music,Comedy,Movie Tickets
8/10/2020 20:15,Male,28,Meat,Islam,15000 - 25000,Political Science,Introverted,Other,Drama,Perfume/Cologne
8/10/2020 20:16,Female,17,Vegetables,Islam,Less than 15000,"Natural Sciences (Biology, Chemistry, Physics etc.)",Introverted,Hip hop music,Fantasy,A good novel
8/10/2020 20:16,Male,28,Meat,Islam,25000 - 50000,Philosophy/Theology,Extroverted,Country music,Action,Perfume/Cologne
8/10/2020 20:17,Male,28,Meat,Islam,25000 - 50000,Philosophy/Theology,Extroverted,Country music,Action,Perfume/Cologne
8/10/2020 20:25,Male,14,Rice,Islam,Less than 15000,Medicine and health,Extroverted,Hip hop music,Adventure,Jewellery
8/10/2020 20:26,Male,17,Grains,Christianity,Less than 15000,Design and Arts (Performing Arts/Visual Arts/Architecture/Graphic Design etc.),Extroverted,Pop music,Science fiction,Makeup
8/10/2020 20:26,Male,20,Fast Food,Islam,15000 - 25000,Languages and literature,Extroverted,Classical music,Crime,Game
8/10/2020 20:26,Female,18,Fast Food,Islam,Less than 15000,Political Science,Introverted,Pop music,Thriller,Flowers
8/10/2020 20:27,Female,27,Vegetables,Islam,15000 - 25000,Business,Introverted,Classical music,Historical,Cookbook
8/10/2020 20:27,Male,15,Fast Food,Islam,Less than 15000,Design and Arts (Performing Arts/Visual Arts/Architecture/Graphic Design etc.),Extroverted,Hip hop music,Political,Bike
8/10/2020 20:28,Female,20,Fast Food,Islam,Less than 15000,Mathematics/Statistics,Introverted,Country music,Drama,IT gadget
8/10/2020 20:28,Male,29,Fast Food,Islam,25000 - 50000,Political Science,Extroverted,Classical music,Science fiction,Movie Tickets
8/10/2020 20:28,Female,29,Vegetables,Islam,25000 - 50000,"Natural Sciences (Biology, Chemistry, Physics etc.)",Introverted,Other,Drama,Jewellery
8/10/2020 20:33,Male,34,Grains,Islam,25000 - 50000,Business,Introverted,Classical music,Comedy,Shirts
8/10/2020 20:34,Male,25,Fast Food,Islam,15000 - 25000,Political Science,Introverted,Other,Thriller,Car
8/10/2020 20:34,Male,45,Grains,Islam,50000 - 100000,Medicine and health,Extroverted,Hip hop music,Historical,Bike
8/10/2020 20:36,Male,19,Meat,Christianity,Less than 15000,"Natural Sciences (Biology, Chemistry, Physics etc.)",Extroverted,Classical music,Comedy,Watch
8/10/2020 20:36,Female,56,Rice,Islam,25000 - 50000,Engineering and Technology,Introverted,Other,Comedy,Wallet/Purse
8/10/2020 20:36,Female,22,Fast Food,Islam,15000 - 25000,Business,Extroverted,Other,Horror,Return Tickets (Tours)
8/10/2020 20:37,Female,28,Fast Food,Islam,15000 - 25000,Philosophy/Theology,Extroverted,Other,Thriller,Backpack
8/10/2020 20:37,Female,32,Fruits,Islam,Less than 15000,Medicine and health,Introverted,Classical music,Fantasy,Travel Tour Bag
8/10/2020 20:37,Male,28,Fruits,Islam,50000 - 100000,Business,Extroverted,Hip hop music,Mystery,Cars
8/10/2020 20:38,Male,21,Fast Food,Islam,Less than 15000,Design and Arts (Performing Arts/Visual Arts/Architecture/Graphic Design etc.),Introverted,Other,Crime,Airpods
8/10/2020 20:38,Female,19,Rice,Islam,Less than 15000,Political Science,Introverted,Country music,Fantasy,Makeup
8/10/2020 20:38,Female,19,Fast Food,Islam,Less than 15000,Mathematics/Statistics,Extroverted,Classical music,Fantasy,Jewellery
8/10/2020 20:38,Female,29,Fruits,Islam,15000 - 25000,"Social Sciences (Economics, History, Geography, Psychology, Sociology etc.)",Introverted,Hip hop music,Political,Game
8/10/2020 20:39,Male,35,Fast Food,Islam,25000 - 50000,Medicine and health,Introverted,Classical music,Science fiction,Cars
8/10/2020 20:39,Male,20,Fast Food,Christianity,15000 - 25000,Philosophy/Theology,Extroverted,Country music,Mystery,Bike
8/10/2020 20:40,Female,24,Fast Food,Islam,15000 - 25000,Law,Introverted,Pop music,Horror,Makeup
8/10/2020 20:40,Female,16,Appetizer,Islam,Less than 15000,Languages and literature,Extroverted,Hip hop music,Adventure,Wallet/Purse
8/10/2020 20:43,Male,22,Vegetables,Islam,15000 - 25000,Business,Introverted,Rock,Adventure,Photo Slate
8/10/2020 20:45,Female,23,Vegetables,Islam,Less than 15000,"Social Sciences (Economics, History, Geography, Psychology, Sociology etc.)",Introverted,Pop music,Fantasy,Video game Set
8/10/2020 20:45,Female,33,Rice,Islam,25000 - 50000,Design and Arts (Performing Arts/Visual Arts/Architecture/Graphic Design etc.),Introverted,Pop music,Political,Flipside Game
8/10/2020 20:46,Female,16,Fast Food,Islam,Less than 15000,"Natural Sciences (Biology, Chemistry, Physics etc.)",Introverted,Country music,Crime,Watch
8/10/2020 20:46,Female,27,Vegetables,Islam,15000 - 25000,Design and Arts (Performing Arts/Visual Arts/Architecture/Graphic Design etc.),Introverted,Hip hop music,Fantasy,Flowers
8/10/2020 20:47,Male,30,Vegetables,Islam,50000 - 100000,Business,Extroverted,Other,Mystery,Cars
8/10/2020 20:47,Male,23,Meat,Islam,15000 - 25000,Business,Introverted,Pop music,Science fiction,Makeup
8/10/2020 20:47,Female,18,Fast Food,Islam,15000 - 25000,Law,Extroverted,Classical music,Mystery,Makeup
8/10/2020 20:48,Female,30,Fruits,Islam,15000 - 25000,Mathematics/Statistics,Extroverted,Classical music,Comedy,Jewellery
8/10/2020 20:48,Female,25,Grains,Islam,15000 - 25000,Languages and literature,Extroverted,Country music,Drama,A good novel
8/10/2020 20:49,Female,22,Fruits,Islam,15000 - 25000,"Natural Sciences (Biology, Chemistry, Physics etc.)",Extroverted,Classical music,Fantasy,iPhone Camera Lens
8/10/2020 20:49,Male,31,Rice,Islam,50000 - 100000,Political Science,Extroverted,Other,Mystery,Mini R/C Drone
8/10/2020 20:50,Female,21,Fast Food,Islam,15000 - 25000,"Social Sciences (Economics, History, Geography, Psychology, Sociology etc.)",Introverted,Classical music,Horror,Head Phones
8/10/2020 20:50,Male,23,Fruits,Islam,15000 - 25000,Law,Introverted,Other,Mystery,Bike
8/10/2020 21:01,Female,25,Rice,Islam,15000 - 25000,Engineering and Technology,Extroverted,Country music,Drama,Gold Necklace
8/10/2020 21:06,Male,29,Vegetables,Islam,15000 - 25000,Engineering and Technology,Extroverted,Other,Political,Game
8/10/2020 21:06,Female,16,Fast Food,Islam,Less than 15000,"Social Sciences (Economics, History, Geography, Psychology, Sociology etc.)",Extroverted,Rock,Comedy,Shirts
8/10/2020 21:07,Female,23,Rice,Islam,Less than 15000,Engineering and Technology,Introverted,Hip hop music,Science fiction,Flowers
8/10/2020 21:07,Female,35,Vegetables,Islam,25000 - 50000,Medicine and health,Extroverted,Classical music,Historical,Movie Tickets
8/10/2020 21:08,Female,25,Rice,Islam,25000 - 50000,Business,Introverted,Hip hop music,Mystery,A good novel
8/10/2020 21:08,Male,18,Fast Food,Islam,15000 - 25000,Political Science,Extroverted,Classical music,Mystery,Perfume/Cologne
8/10/2020 21:08,Female,28,Fast Food,Islam,25000 - 50000,Design and Arts (Performing Arts/Visual Arts/Architecture/Graphic Design etc.),Introverted,Rock,Adventure,Jewellery
8/10/2020 21:09,Male,20,Fast Food,Islam,Less than 15000,Engineering and Technology,Extroverted,Hip hop music,Horror,Bike
8/10/2020 21:09,Female,22,Vegetables,Islam,15000 - 25000,Medicine and health,Introverted,Other,Drama,Return Tickets (Tours)
8/10/2020 21:24,Male,55,Appetizer,Islam,25000 - 50000,Business,Extroverted,Country music,Drama,Airpods
8/10/2020 21:25,Female,42,Vegetables,Islam,25000 - 50000,Business,Extroverted,Country music,Horror,Free Shopping Voucher
8/10/2020 21:25,Female,22,Appetizer,Islam,15000 - 25000,Mathematics/Statistics,Extroverted,Classical music,Crime,Return Tickets (Tours)
8/10/2020 21:26,Male,57,Vegetables,Islam,50000 - 100000,"Natural Sciences (Biology, Chemistry, Physics etc.)",Extroverted,Classical music,Political,Car
8/10/2020 21:28,Male,73,Appetizer,Islam,50000 - 100000,Languages and literature,Extroverted,Country music,Fantasy,iPhone Camera Lens
8/10/2020 21:28,Male,77,Meat,Islam,25000 - 50000,Political Science,Extroverted,Classical music,Historical,Cars
8/10/2020 21:29,Male,55,Grains,Islam,25000 - 50000,"Natural Sciences (Biology, Chemistry, Physics etc.)",Extroverted,Hip hop music,Comedy,Shirts
8/10/2020 21:30,Male,87,Grains,Islam,50000 - 100000,Business,Extroverted,Classical music,Political,Watch
8/10/2020 21:31,Female,42,Rice,Islam,25000 - 50000,Mathematics/Statistics,Extroverted,Country music,Political,laptop
8/10/2020 21:32,Male,89,Grains,Islam,25000 - 50000,Law,Extroverted,Country music,Political,Wooden Cufflinks
8/10/2020 21:33,Male,71,Meat,Islam,25000 - 50000,"Natural Sciences (Biology, Chemistry, Physics etc.)",Extroverted,Country music,Political,Watch
8/10/2020 21:35,Male,15,Meat,Islam,Less than 15000,Law,Introverted,Country music,Adventure,IT gadget
8/10/2020 21:36,Female,18,Fruits,Islam,Less than 15000,"Social Sciences (Economics, History, Geography, Psychology, Sociology etc.)",Introverted,Other,Comedy,Flowers
8/10/2020 21:36,Male,26,Fast Food,Islam,25000 - 50000,Engineering and Technology,Extroverted,Classical music,Historical,Watch
8/10/2020 21:37,Female,25,Fast Food,Islam,25000 - 50000,Business,Extroverted,Classical music,Fantasy,Gucci Bags/ Perfume
8/10/2020 21:37,Female,18,Fast Food,Islam,15000 - 25000,Law,Extroverted,Other,Mystery,Game
8/10/2020 21:37,Female,26,Fruits,Islam,15000 - 25000,"Natural Sciences (Biology, Chemistry, Physics etc.)",Extroverted,Classical music,,Return Tickets (Tours)
8/10/2020 21:37,Male,29,Fast Food,Islam,25000 - 50000,Political Science,Extroverted,Classical music,Political,Cars
8/10/2020 21:38,Male,27,Vegetables,Islam,50000 - 100000,Philosophy/Theology,Introverted,Classical music,Adventure,Smart Phone
8/10/2020 21:38,Female,22,Fruits,Islam,25000 - 50000,"Natural Sciences (Biology, Chemistry, Physics etc.)",Extroverted,Other,Thriller,Makeup
8/10/2020 21:39,Male,20,Fast Food,Islam,Less than 15000,Law,Extroverted,Rock,Drama,IT gadget
8/10/2020 21:39,Male,32,Meat,Islam,50000 - 100000,Engineering and Technology,Extroverted,Classical music,Historical,Cars
8/10/2020 21:45,Male,55,Appetizer,Islam,50000 - 100000,Law,Extroverted,Country music,Political,Chess Game Mat
8/10/2020 21:47,Male,25,Rice,Islam,25000 - 50000,"Natural Sciences (Biology, Chemistry, Physics etc.)",Extroverted,Country music,Drama,Watch
8/10/2020 21:49,Female,22,Rice,Islam,25000 - 50000,"Social Sciences (Economics, History, Geography, Psychology, Sociology etc.)",Extroverted,Pop music,Historical,Jewellery
8/10/2020 21:51,Male,52,Meat,Islam,25000 - 50000,Law,Extroverted,Country music,Comedy,Bike
8/10/2020 21:52,Male,21,Fast Food,Islam,15000 - 25000,"Natural Sciences (Biology, Chemistry, Physics etc.)",Extroverted,Country music,Comedy,Watch
8/10/2020 21:53,Male,12,Meat,Islam,Less than 15000,"Social Sciences (Economics, History, Geography, Psychology, Sociology etc.)",Extroverted,Rock,Adventure,Skateboard
8/10/2020 21:55,Female,14,Rice,Islam,Less than 15000,Mathematics/Statistics,Extroverted,Country music,Crime,Return Tickets (Tours)
8/10/2020 21:56,Male,20,Fast Food,Islam,25000 - 50000,"Natural Sciences (Biology, Chemistry, Physics etc.)",Extroverted,Classical music,Horror,IT gadget
8/10/2020 21:56,Male,44,Meat,Islam,50000 - 100000,Business,Extroverted,Classical music,Historical,Photo album/frame OR Scrapbook
8/10/2020 21:57,Male,47,Fast Food,Islam,25000 - 50000,"Natural Sciences (Biology, Chemistry, Physics etc.)",Extroverted,Country music,Historical,IT gadget
8/10/2020 21:58,Male,28,Fast Food,Islam,50000 - 100000,Engineering and Technology,Extroverted,Country music,Comedy,DSLR Lens
8/10/2020 21:59,Male,77,Grains,Islam,50000 - 100000,Design and Arts (Performing Arts/Visual Arts/Architecture/Graphic Design etc.),Extroverted,Country music,Horror,Car
8/10/2020 22:00,Male,81,Fruits,Islam,50000 - 100000,Business,Extroverted,Country music,Political,Smart Phone
8/10/2020 22:00,Male,43,Vegetables,Islam,25000 - 50000,"Natural Sciences (Biology, Chemistry, Physics etc.)",Extroverted,Country music,Horror,Photo album/frame OR Scrapbook
8/10/2020 22:01,Male,47,Grains,Islam,25000 - 50000,Law,Extroverted,Country music,Crime,Wooden Cufflinks
8/10/2020 22:02,Male,44,Meat,Islam,50000 - 100000,Mathematics/Statistics,Extroverted,Country music,Science fiction,laptop
8/10/2020 22:12,Female,23,Meat,Islam,50000 - 100000,Mathematics/Statistics,Introverted,Classical music,Drama,Makeup
8/10/2020 22:13,Male,52,Grains,Islam,50000 - 100000,Business,Extroverted,Country music,Political,Perfume/Cologne
8/10/2020 22:14,Male,54,Appetizer,Taoism,25000 - 50000,Mathematics/Statistics,Extroverted,Other,Historical,Return Tickets (Tours)
8/10/2020 22:15,Male,69,Rice,Sikhism,25000 - 50000,"Natural Sciences (Biology, Chemistry, Physics etc.)",Extroverted,Other,Thriller,Cars
8/10/2020 22:16,Female,25,Appetizer,Sikhism,25000 - 50000,"Social Sciences (Economics, History, Geography, Psychology, Sociology etc.)",Extroverted,Hip hop music,Horror,Gaming Keyboard
8/10/2020 22:17,Female,49,Fast Food,Hinduism,50000 - 100000,Philosophy/Theology,Introverted,Hip hop music,Horror,Portable Waterproof Wireless Speaker
8/10/2020 22:18,Male,22,Fast Food,Sikhism,25000 - 50000,Engineering and Technology,Introverted,Pop music,Drama,Photo Pendants
8/10/2020 22:18,Female,23,Rice,Islam,Less than 15000,Medicine and health,Extroverted,Country music,Crime,Movie Tickets
8/10/2020 22:20,Female,47,Fruits,Islam,15000 - 25000,Law,Extroverted,Country music,Drama,Wallet/Purse
8/10/2020 22:20,Male,60,Appetizer,Hinduism,25000 - 50000,Languages and literature,Extroverted,Other,Comedy,Signature Mug
8/10/2020 22:20,Female,52,Grains,Islam,25000 - 50000,"Natural Sciences (Biology, Chemistry, Physics etc.)",Extroverted,Classical music,Crime,IT gadget
8/10/2020 22:21,Female,63,Fruits,Islam,15000 - 25000,Political Science,Extroverted,Hip hop music,Action,Imaginext Transforming Batmobile
8/10/2020 22:21,Male,52,Meat,Islam,15000 - 25000,"Natural Sciences (Biology, Chemistry, Physics etc.)",Extroverted,Classical music,Comedy,Travel Tour Bag
8/10/2020 22:22,Male,33,Meat,Taoism,50000 - 100000,Law,Extroverted,Country music,Adventure,Joystick
8/10/2020 22:22,Female,41,Grains,Islam,25000 - 50000,Mathematics/Statistics,Extroverted,Country music,Historical,Blue Light Blocking Glasses
8/10/2020 22:22,Male,39,Fruits,Islam,Less than 15000,Business,Extroverted,Classical music,Thriller,Video game Set
8/10/2020 22:23,Male,14,Rice,Islam,15000 - 25000,Law,Extroverted,Country music,Mystery,Instant Digital Camera
8/10/2020 22:24,Female,12,Rice,Islam,Less than 15000,Design and Arts (Performing Arts/Visual Arts/Architecture/Graphic Design etc.),Extroverted,Country music,Horror,Flowers
8/10/2020 22:24,Male,74,Vegetables,Islam,25000 - 50000,Business,Extroverted,Country music,Horror,Backpack
8/10/2020 22:25,Female,40,Fast Food,Islam,25000 - 50000,Medicine and health,Introverted,Classical music,Drama,Jewellery
8/10/2020 22:25,Male,32,Appetizer,Islam,15000 - 25000,Medicine and health,Extroverted,Classical music,Crime,Cars
8/10/2020 22:25,Female,22,Vegetables,Islam,50000 - 100000,Mathematics/Statistics,Introverted,Classical music,Historical,Perfume/Cologne
8/10/2020 22:26,Male,86,Grains,Islam,50000 - 100000,"Natural Sciences (Biology, Chemistry, Physics etc.)",Extroverted,Classical music,Political,A good novel
8/10/2020 22:26,Male,24,Vegetables,Islam,25000 - 50000,Political Science,Extroverted,Classical music,Comedy,Watch
8/10/2020 22:27,Female,49,Meat,Islam,50000 - 100000,Business,Extroverted,Country music,Comedy,Jewellery
8/10/2020 22:28,Male,39,Appetizer,Islam,25000 - 50000,Languages and literature,Extroverted,Classical music,Crime,Wallet/Purse
8/10/2020 22:28,Male,35,Rice,Islam,25000 - 50000,Medicine and health,Extroverted,Country music,Historical,A good novel
8/10/2020 22:28,Male,57,Grains,Islam,25000 - 50000,"Social Sciences (Economics, History, Geography, Psychology, Sociology etc.)",Extroverted,Hip hop music,Horror,Perfume/Cologne
8/10/2020 22:30,Female,47,Fast Food,Islam,25000 - 50000,Engineering and Technology,Extroverted,Hip hop music,Historical,Flowers
8/10/2020 22:30,Male,51,Fruits,Islam,25000 - 50000,"Natural Sciences (Biology, Chemistry, Physics etc.)",Extroverted,Country music,Adventure,IT gadget
8/10/2020 22:31,Male,45,Rice,Islam,25000 - 50000,Medicine and health,Extroverted,Classical music,Crime,Bike
8/10/2020 22:31,Female,27,Rice,Islam,25000 - 50000,Business,Extroverted,Country music,Political,Return Tickets (Tours)
8/10/2020 22:33,Male,31,Meat,Islam,25000 - 50000,Business,Extroverted,Classical music,Mystery,Backpack
8/10/2020 22:33,Female,44,Grains,Islam,15000 - 25000,Philosophy/Theology,Introverted,Hip hop music,Drama,Perfume/Cologne
8/10/2020 22:34,Male,29,Vegetables,Islam,50000 - 100000,Business,Introverted,Hip hop music,Drama,IT gadget
8/10/2020 22:34,Female,23,Rice,Islam,15000 - 25000,Mathematics/Statistics,Extroverted,Classical music,Horror,Diamond Ring
8/10/2020 22:36,Male,52,Vegetables,Islam,25000 - 50000,"Natural Sciences (Biology, Chemistry, Physics etc.)",Extroverted,Country music,Crime,Wallet/Purse
8/10/2020 22:37,Male,56,Vegetables,Islam,25000 - 50000,Business,Extroverted,Country music,Horror,Guitar
8/10/2020 22:37,Male,29,Fast Food,Islam,25000 - 50000,Law,Extroverted,Classical music,Historical,laptop
8/10/2020 22:38,Male,27,Grains,Islam,25000 - 50000,"Natural Sciences (Biology, Chemistry, Physics etc.)",Extroverted,Country music,Drama,Watch
8/10/2020 22:41,Female,23,Meat,Islam,25000 - 50000,Engineering and Technology,Extroverted,Country music,Crime,Gold Necklace
8/10/2020 22:41,Male,58,Grains,Islam,25000 - 50000,Law,Extroverted,Country music,Horror,Guitar
8/11/2020 0:10,Male,22,Appetizer,Islam,Less than 15000,Engineering and Technology,Extroverted,Pop music,Action,A good novel
8/11/2020 1:20,Female,22,Fast Food,Islam,Less than 15000,Business,Introverted,Other,Comedy,Guitar
8/11/2020 1:44,Female,24,Fast Food,Islam,15000 - 25000,Engineering and Technology,Extroverted,Rock,Mystery,Perfume/Cologne
8/11/2020 12:39,Male,23,Rice,Islam,Less than 15000,Engineering and Technology,Introverted,Classical music,Historical,IT gadget
8/11/2020 12:44,Male,23,Rice,Islam,15000 - 25000,Business,Extroverted,Pop music,Comedy,Perfume/Cologne
8/11/2020 13:55,Female,21,Rice,Islam,25000 - 50000,Engineering and Technology,Extroverted,Other,Science fiction,Cars
8/12/2020 2:01,Male,23,Vegetables,Islam,50000 - 100000,Engineering and Technology,Introverted,Rock,Adventure,laptop
8/12/2020 18:26,Male,25,Rice,Islam,25000 - 50000,Engineering and Technology,Introverted,Country music,Action,Cars
8/13/2020 13:49,Male,22,Fast Food,Islam,25000 - 50000,Engineering and Technology,Introverted,Hip hop music,Action,Xbox One S Bundle
